{"name":"0cf1aaa1-0a99-4ba6-9407-90bc4ad280a7","id":"/providers/Microsoft.Flow/flows/0cf1aaa1-0a99-4ba6-9407-90bc4ad280a7","type":"Microsoft.Flow/flows","properties":{"apiId":"/providers/Microsoft.PowerApps/apis/shared_logicflows","displayName":"PAppsExcelLargeBulkThreadedImport","definition":{"metadata":{"workflowEntityId":null,"processAdvisorMetadata":null,"flowChargedByPaygo":null,"flowclientsuspensionreason":"None","flowclientsuspensiontime":null,"flowclientsuspensionreasondetails":null,"creator":{"id":"8e71313d-a177-491f-8124-0a4d6124e670","type":"User","tenantId":"40f48dcb-0118-4bb3-856e-1875db875deb"},"provisioningMethod":"FromDefinition","failureAlertSubscription":true,"clientLastModifiedTime":"2023-05-14T06:43:06.7434766Z"},"$schema":"https://schema.management.azure.com/providers/Microsoft.Logic/schemas/2016-06-01/workflowdefinition.json#","contentVersion":"1.0.0.0","parameters":{"$connections":{"defaultValue":{},"type":"Object"},"$authentication":{"defaultValue":{},"type":"SecureObject"}},"triggers":{"manual":{"metadata":{"operationMetadataId":"a3081fdd-fe43-4ea4-b0ff-4afd2a0b1982"},"type":"Request","kind":"PowerApp","inputs":{"schema":{"type":"object","properties":{"Createfile_FileName":{"type":"string","description":"Name of the file.","x-ms-powerflows-param-ispartial":false},"Createfile_FileContent":{"type":"string","format":"binary","description":"Content of the file.","x-ms-powerflows-param-ispartial":false},"InitializeVarWKFID_Value":{"type":"integer","description":"Enter initial value","x-ms-powerflows-param-ispartial":false}},"required":["Createfile_FileName","Createfile_FileContent","InitializeVarWKFID_Value"]}}}},"actions":{"Create_file":{"runAfter":{"InitializeVarWKF_ID":["Succeeded"]},"metadata":{"operationMetadataId":"292eddf3-f71e-4c48-82d3-093153edf6ec"},"type":"OpenApiConnection","inputs":{"host":{"apiId":"/providers/Microsoft.PowerApps/apis/shared_sharepointonline","connectionName":"shared_sharepointonline","operationId":"CreateFile"},"parameters":{"dataset":"https://varockautomtion.sharepoint.com/sites/pwa","folderPath":"/POC DataHouse","name":"@triggerBody()['Createfile_FileName']","body":"@base64ToBinary(triggerBody()['Createfile_FileContent'])"},"authentication":{"value":"@json(decodeBase64(triggerOutputs().headers['X-MS-APIM-Tokens']))['$ConnectionKey']","type":"Raw"}},"runtimeConfiguration":{"contentTransfer":{"transferMode":"Chunked"}}},"Get_tables":{"runAfter":{"Create_file":["Succeeded"]},"metadata":{"operationMetadataId":"48493059-34be-41c1-8681-013a5efe8e6d","tableId":null},"type":"OpenApiConnection","inputs":{"host":{"apiId":"/providers/Microsoft.PowerApps/apis/shared_excelonlinebusiness","connectionName":"shared_excelonlinebusiness","operationId":"GetTables"},"parameters":{"source":"sites/varockautomtion.sharepoint.com,7f46ee3c-07c3-4186-9458-1a5b2c32c070,db2abd11-771e-481f-a8f3-5a36335a1c91","drive":"b!PO5Gf8MHhkGUWBpbLDLAcBG9Ktsedx9IqPNaNjNaHJFuBStYy_YyRKklk8BzL-aU","file":"@outputs('Create_file')?['body/Id']"},"authentication":{"value":"@json(decodeBase64(triggerOutputs().headers['X-MS-APIM-Tokens']))['$ConnectionKey']","type":"Raw"}}},"List_rows_present_in_a_table":{"runAfter":{"Get_tables":["Succeeded"]},"metadata":{"operationMetadataId":"c250ad8a-aeb9-40c6-badd-76594fb6465d","tableId":"@first(outputs('Get_tables')?['body/value'])?['Name']"},"type":"OpenApiConnection","inputs":{"host":{"apiId":"/providers/Microsoft.PowerApps/apis/shared_excelonlinebusiness","connectionName":"shared_excelonlinebusiness","operationId":"GetItems"},"parameters":{"source":"sites/varockautomtion.sharepoint.com,7f46ee3c-07c3-4186-9458-1a5b2c32c070,db2abd11-771e-481f-a8f3-5a36335a1c91","drive":"b!PO5Gf8MHhkGUWBpbLDLAcBG9Ktsedx9IqPNaNjNaHJFuBStYy_YyRKklk8BzL-aU","file":"@outputs('Create_file')?['body/Id']","table":"@first(outputs('Get_tables')?['body/value'])?['Name']","dateTimeFormat":"ISO 8601"},"authentication":{"value":"@json(decodeBase64(triggerOutputs().headers['X-MS-APIM-Tokens']))['$ConnectionKey']","type":"Raw"}},"runtimeConfiguration":{"paginationPolicy":{"minimumItemCount":65000}}},"InitializeVarWKF_ID":{"runAfter":{},"metadata":{"operationMetadataId":"1551a0f9-7395-4dd2-a1ed-aa89b6dfc11d"},"type":"InitializeVariable","inputs":{"variables":[{"name":"varWKF_ID","type":"integer","value":"@triggerBody()['InitializeVarWKFID_Value']"}]}},"Initialize_variable":{"runAfter":{"Compose":["Succeeded"]},"metadata":{"operationMetadataId":"2fbbf272-40b2-49a5-a345-9c71d17c5f07"},"type":"InitializeVariable","inputs":{"variables":[{"name":"LoopControl","type":"integer","value":-1}]}},"Create_SharePoint_Items":{"actions":{"settings":{"runAfter":{},"trackedProperties":{"meta":{"type":"SP.Data.@{outputs('settings')?['listName']}ListItem"},"batchGUID":"@{guid()}","changeSetGUID":"@{guid()}"},"metadata":{"operationMetadataId":"8e722b3f-6673-4367-a2be-18957fbbe49a"},"type":"Compose","inputs":{"siteAddress":"https://varockautomtion.sharepoint.com/sites/pwa/","listName":"LargeDataZonePoc","batchSize":1000},"description":"list to batch delete items from"},"batchTemplate":{"runAfter":{"GenerateSPData":["Succeeded"]},"metadata":{"operationMetadataId":"3c28534e-b7ca-4d83-a678-364d2632737b"},"type":"Compose","inputs":"--changeset_@{actions('settings')?['trackedProperties']['changeSetGUID']}\nContent-Type: application/http\nContent-Transfer-Encoding: binary\n\nPOST @{outputs('settings')['siteAddress']}_api/web/lists/getByTitle('@{outputs('settings')['listName']}')/items HTTP/1.1\nContent-Type: application/json;odata=verbose\n\n|RowData|\n"},"Do_until":{"actions":{"Select":{"runAfter":{},"metadata":{"operationMetadataId":"333b63c0-0067-41c0-bef3-7fef31422b8a"},"type":"Select","inputs":{"from":"@take(skip(body('GenerateSPData'), mul(outputs('settings')['batchSize'], iterationIndexes('Do_until'))), outputs('settings')['batchSize'])","select":"@replace(outputs('batchTemplate'), '|RowData|', string(item()))"}},"Apply_to_each":{"foreach":"@if(equals(variables('LoopControl'), 0), json('[]'), createArray(take(body('Select'), div(length(body('Select')), 2)), skip(body('Select'), div(length(body('Select')), 2))))","actions":{"batchData":{"runAfter":{},"metadata":{"operationMetadataId":"265e7312-f460-4cd0-b368-706c3f65be79"},"type":"Compose","inputs":"@join(item(), decodeUriComponent('%0A'))"},"SendBatch":{"runAfter":{"batchData":["Succeeded"]},"limit":{"timeout":"P1D"},"metadata":{"flowSystemMetadata":{"swaggerOperationId":"HttpRequest"},"operationMetadataId":"a1e7f13f-c822-4cd0-add5-dc538dcb7ced"},"type":"ApiConnection","inputs":{"host":{"connection":{"name":"@json(decodeBase64(triggerOutputs().headers['X-MS-APIM-Tokens']))['$connections']['shared_sharepointonline']['connectionId']"},"api":{"runtimeUrl":"https://flow-apim-europe-002-northeurope-01.azure-apim.net/apim/sharepointonline"}},"method":"post","body":{"method":"POST","uri":"/_api/$batch","headers":{"X-RequestDigest":"digest","Content-Type":"multipart/mixed;boundary=batch_@{actions('settings')?['trackedProperties']['batchGUID']}"},"body":"--batch_@{actions('settings')?['trackedProperties']['batchGUID']}\nContent-Type: multipart/mixed; boundary=\"changeset_@{actions('settings')?['trackedProperties']['changeSetGUID']}\"\nContent-Length: \nContent-Transfer-Encoding: binary\n\n@{outputs('batchData')}\n--changeset_@{actions('settings')?['trackedProperties']['changeSetGUID']}--\n\n--batch_@{actions('settings')?['trackedProperties']['batchGUID']}--"},"path":"/datasets/@{encodeURIComponent(encodeURIComponent(outputs('settings')['siteAddress']))}/httprequest","authentication":{"type":"Raw","value":"@json(decodeBase64(triggerOutputs().headers['X-MS-APIM-Tokens']))['$ConnectionKey']"}}},"Results":{"runAfter":{"SendBatch":["Succeeded"]},"metadata":{"operationMetadataId":"5d2dc62a-6328-40a1-b71c-b9732ca0d0ef"},"type":"Compose","inputs":"@base64ToString(body('sendBatch')['$content'])"}},"runAfter":{"Set_variable":["Succeeded"]},"metadata":{"operationMetadataId":"32ae470a-7fcf-4220-9a88-966bc7af8b93"},"type":"Foreach","runtimeConfiguration":{"concurrency":{"repetitions":10}}},"Set_variable":{"runAfter":{"Select":["Succeeded"]},"metadata":{"operationMetadataId":"c9abf052-aefc-4279-b7fa-afbeb0b4b473"},"type":"SetVariable","inputs":{"name":"LoopControl","value":"@length(body('Select'))"}}},"runAfter":{"batchTemplate":["Succeeded"]},"expression":"@equals(variables('LoopControl'), 0)","limit":{"count":60,"timeout":"PT1H"},"metadata":{"operationMetadataId":"c9de7b81-f31b-4205-afc9-59c286a75516"},"type":"Until"},"GenerateSPData":{"runAfter":{"settings":["Succeeded"]},"metadata":{"operationMetadataId":"fef21bcf-63c0-42fe-acc6-09f4df84dce1"},"type":"Select","inputs":{"from":"@outputs('List_rows_present_in_a_table')?['body/value']","select":{"__metadata":"@json(concat('{\"type\":\"SP.Data.', replace(outputs('settings')['listName'], ' ', '_x0020_'), 'ListItem\"}'))","MDA":"@item()?['MDA']","Business_Application":"@if(empty(item()?['Business_Application']), 0, int(item()?['Business_Application']))","KPI":"@item()?['KPI']","BN_RC_NO":"@item()?['BN_RC_NO']","License_Type":"@item()?['License_Type']","License_ID":"@item()?['License_ID']","Business_Sector":"@item()?['Business_Sector']","Business_Sub_Sector":"@item()?['Business_Sub_Sector']","Ownership":"@item()?['Ownership']","Ownership_Category":"@item()?['Ownership_Category']","ProcessInvolved":"@item()?['Process Involved']","Process_Start_Date":"@item()?['Process_Start_Date']","Process_End_Date":"@item()?['Process_End_Date']","MDA_Days_Processed":"@if(empty(item()?['MDA_Days_Processed\n']), 0, int(item()?['MDA_Days_Processed\n']))","Process_Procedures_Count":"@if(empty(item()?['Process_Procedures_Count\n']), 0, int(item()?['Process_Procedures_Count\n']))","Process_Total_Cost":"@if(empty(item()?['Process_Total_Cost\n']), 0, int(item()?['Process_Total_Cost\n']))","Total_Init_Cap_Investment":"@if(empty(item()?['Total_Init_Cap_Investment\n']), 0, int(item()?['Total_Init_Cap_Investment\n']))","Date_Reported":"@item()?['Date_Reported']","IndexKey":"@variables('varWKF_ID')","WKF_ID":"@variables('varWKF_ID')"}}}},"runAfter":{"Initialize_variable":["Succeeded"]},"metadata":{"operationMetadataId":"3639afa6-3e7f-485e-af00-f1b98fe4b6bf"},"type":"Scope"},"Compose":{"runAfter":{"List_rows_present_in_a_table":["Succeeded"]},"metadata":{"operationMetadataId":"33d25421-78ee-4a8f-8a94-26f1b9c701a7"},"type":"Compose","inputs":"@length(outputs('List_rows_present_in_a_table')?['body/value'])"},"Respond_to_a_PowerApp_or_flow":{"runAfter":{"Terminate":["Succeeded"]},"metadata":{"operationMetadataId":"97913201-94ec-4f81-8619-9192f3fdbe7d"},"type":"Response","kind":"PowerApp","inputs":{"statusCode":200,"body":{"response":1},"schema":{"type":"object","properties":{"response":{"title":"response","x-ms-dynamically-added":true,"type":"number"}}}}},"Terminate":{"runAfter":{"Create_SharePoint_Items":["Succeeded"]},"metadata":{"operationMetadataId":"cd7f94d2-897e-4898-84b9-7bddd5b6e4a9"},"type":"Terminate","inputs":{"runStatus":"Cancelled"}}}},"connectionReferences":{"shared_sharepointonline":{"connectionName":"shared-sharepointonl-fabfeddc-2a19-41db-97c4-7c212ac0006b","source":"Invoker","id":"/providers/Microsoft.PowerApps/apis/shared_sharepointonline","tier":"NotSpecified"},"shared_excelonlinebusiness":{"connectionName":"shared-excelonlinebu-7561849d-5e0d-4fea-850a-979ac8007806","source":"Invoker","id":"/providers/Microsoft.PowerApps/apis/shared_excelonlinebusiness","tier":"NotSpecified"}},"flowFailureAlertSubscribed":false,"isManaged":false}}