{"schemaVersion":"1.0","appDefinitionTemplate":{"id":"/providers/Microsoft.PowerApps/apps/","type":"Microsoft.PowerApps/apps","tags":{"primaryDeviceWidth":"1366","primaryDeviceHeight":"768","supportsPortrait":"true","supportsLandscape":"true","primaryFormFactor":"Tablet","publisherVersion":"3.23033.15","minimumRequiredApiVersion":"2.2.0","hasComponent":"false","hasUnlockedComponent":"false","isUnifiedRootApp":"false","sienaVersion":"20230514T173011Z-3.23033.15.0"},"properties":{"appVersion":"2023-05-14T17:30:11Z","lifeCycleId":"Published","createdByClientVersion":{"major":3,"minor":23033,"build":15,"revision":0,"majorRevision":0,"minorRevision":0},"minClientVersion":{"major":3,"minor":23033,"build":15,"revision":0,"majorRevision":0,"minorRevision":0},"backgroundColor":"rgba(32, 49, 127, 1)","backgroundImageUri":"/11186674731007185284/Na1baf9a4-f027-47b9-a528-8404275bc181-N55669955-de66-4738-a423-384d086431c3-logoSmallFile","displayName":"Digital Board Room Bulk","description":"","commitMessage":"","appUris":{"documentUri":{"value":"/11186674731007185284/N431562ce-3898-4083-b598-a96357f25858-N15ec2fa1-1769-4cbb-8a88-e8cade61a6d3-document.msapp"},"imageUris":[],"additionalUris":[]},"createdTime":"0001-01-01T00:00:00Z","lastModifiedTime":"0001-01-01T00:00:00Z","sharedGroupsCount":0,"sharedUsersCount":0,"connectionReferences":{"fa8f89cf-38d0-43b9-88c2-09856aa580bf":{"id":"a84950b8-03f8-426f-a976-3926ea3c5405","displayName":"SharePoint","iconUri":"https://connectoricons-prod.azureedge.net/releases/v1.0.1627/1.0.1627.3238/sharepointonline/icon.png","dataSources":["POC_ACL","POC_Data_Collection","POC_Workflow_Levels","POC_WorkItem_List","POC_WorkItem_Task","POC_Data_Validation","KPI CODY"],"dependencies":[],"dependents":["0b7054bf-78cf-4b91-bf6f-54f5ddf92f76","0475c003-bac3-4712-900c-f8d4d8384c43"],"parameterHints":{},"parameterHintsV2":{},"isOnPremiseConnection":false,"bypassConsent":false,"dataSets":{"https://varockautomtion.sharepoint.com/sites/pwa":{"dataSources":{"POC_ACL":{"tableName":"9b44b228-0c99-4ebb-bab1-bda54e73bd3b"},"POC_Data_Collection":{"tableName":"783d45f5-f8c9-4b1f-bc86-4838483fb3cd"},"POC_Workflow_Levels":{"tableName":"9f6777d2-7db4-4b54-91aa-9aa10510c24d"},"POC_WorkItem_List":{"tableName":"051ea5ac-f94f-48a1-ae3c-be6f4410567e"},"POC_WorkItem_Task":{"tableName":"9b816f38-9858-47eb-a679-4f62db417b68"},"POC_Data_Validation":{"tableName":"4e389c19-2979-4ec8-aec3-266b81e1493c"},"KPI CODY":{"tableName":"d83c8f78-aeed-4566-8e66-552a1b800245"}}}},"apiTier":"Standard","isCustomApiConnection":false,"actions":["providers/PowerPlatform.Governance/Operations/Read","providers/PowerPlatform.Governance/Operations/Write"]},"b5b73283-7ed5-4c3e-ae20-8413e0ec2621":{"id":"67a2540a-ddc1-4cba-8775-c98c325c2f77","displayName":"Office 365 Users","iconUri":"https://connectoricons-prod.azureedge.net/releases/v1.0.1626/1.0.1626.3238/office365users/icon.png","dataSources":["Office365Users"],"dependencies":[],"dependents":[],"parameterHints":{},"parameterHintsV2":{},"isOnPremiseConnection":false,"bypassConsent":false,"dataSets":{},"apiTier":"Standard","isCustomApiConnection":false,"actions":["MyProfile"]},"e845c67b-6000-409d-98ba-b64266cf26ae":{"id":"670cb0be-f0bc-4a76-b17d-3d936f95a3ac","displayName":"Office 365 Outlook","iconUri":"https://connectoricons-prod.azureedge.net/releases/v1.0.1626/1.0.1626.3238/office365/icon.png","dataSources":["Office365Outlook"],"dependencies":[],"dependents":["b5934b08-947e-4feb-ad98-3cbc4e567113"],"parameterHints":{},"parameterHintsV2":{},"isOnPremiseConnection":false,"bypassConsent":false,"dataSets":{},"apiTier":"Standard","isCustomApiConnection":false},"0b7054bf-78cf-4b91-bf6f-54f5ddf92f76":{"id":"64fa9f85-3463-4b5a-a057-417c68589ab1","displayName":"Logic flows","iconUri":"https://connectoricons-prod.azureedge.net/releases/v1.0.1615/1.0.1615.3163/logicflows/icon.png","dataSources":["PAppsExcelBulkImport"],"dependencies":["fa8f89cf-38d0-43b9-88c2-09856aa580bf","aaf03137-ae9d-4d84-b283-f5e6185ef25c"],"dependents":[],"parameterHints":{"workflowName":{"value":"1bfe5a3f-778b-4a7e-ad47-142e2a615562"},"workflowEntityId":{},"fa8f89cf-38d0-43b9-88c2-09856aa580bf":{"value":"shared_sharepointonline"},"aaf03137-ae9d-4d84-b283-f5e6185ef25c":{"value":"shared_excelonlinebusiness"}},"parameterHintsV2":{"workflowName":{"value":"1bfe5a3f-778b-4a7e-ad47-142e2a615562"},"workflowEntityId":{},"shared_sharepointonline":{"value":"fa8f89cf-38d0-43b9-88c2-09856aa580bf"},"shared_excelonlinebusiness":{"value":"aaf03137-ae9d-4d84-b283-f5e6185ef25c"}},"isOnPremiseConnection":false,"bypassConsent":false,"dataSets":{},"apiTier":"Standard","isCustomApiConnection":false,"actions":["Run"],"nestedActions":[{"id":"/providers/Microsoft.PowerApps/apis/shared_sharepointonline/apiOperations/CreateFile","apiName":"SharePoint","actionName":"CreateFile","referencedResources":[{"key":"site","value":"https://varockautomtion.sharepoint.com/sites/pwa"}]},{"id":"/providers/Microsoft.PowerApps/apis/shared_excelonlinebusiness/apiOperations/GetTables","apiName":"Excel Online (Business)","actionName":"GetTables","referencedResources":[{"key":"fileId","value":"b!PO5Gf8MHhkGUWBpbLDLAcBG9Ktsedx9IqPNaNjNaHJFuBStYy_YyRKklk8BzL-aU/@outputs('Create_file')?['body/Id']"}]},{"id":"/providers/Microsoft.PowerApps/apis/shared_excelonlinebusiness/apiOperations/GetItems","apiName":"Excel Online (Business)","actionName":"GetItems","referencedResources":[{"key":"fileId","value":"b!PO5Gf8MHhkGUWBpbLDLAcBG9Ktsedx9IqPNaNjNaHJFuBStYy_YyRKklk8BzL-aU/@outputs('Create_file')?['body/Id']"},{"key":"table","value":"@first(outputs('Get_tables')?['body/value'])?['Name']"}]}]},"aaf03137-ae9d-4d84-b283-f5e6185ef25c":{"id":"a378912f-ef5a-4d52-b981-cf4027ed6561","displayName":"Excel Online (Business)","iconUri":"https://connectoricons-prod.azureedge.net/u/laborbol/releases/ase-v3/1.0.1622.3202/excelonlinebusiness/icon.png","dataSources":[],"dependencies":[],"dependents":["0b7054bf-78cf-4b91-bf6f-54f5ddf92f76"],"parameterHints":{},"parameterHintsV2":{},"isOnPremiseConnection":false,"bypassConsent":false,"dataSets":{},"apiTier":"Standard","isCustomApiConnection":false},"b5934b08-947e-4feb-ad98-3cbc4e567113":{"id":"64fa9f85-3463-4b5a-a057-417c68589ab1","displayName":"Logic flows","iconUri":"https://connectoricons-prod.azureedge.net/releases/v1.0.1615/1.0.1615.3163/logicflows/icon.png","dataSources":["EmailSender"],"dependencies":["e845c67b-6000-409d-98ba-b64266cf26ae"],"dependents":[],"parameterHints":{"workflowName":{"value":"4ec933c0-74f7-41e5-9962-66914e58353f"},"workflowEntityId":{},"e845c67b-6000-409d-98ba-b64266cf26ae":{"value":"shared_office365"}},"parameterHintsV2":{"workflowName":{"value":"4ec933c0-74f7-41e5-9962-66914e58353f"},"workflowEntityId":{},"shared_office365":{"value":"e845c67b-6000-409d-98ba-b64266cf26ae"}},"isOnPremiseConnection":false,"bypassConsent":false,"dataSets":{},"apiTier":"Standard","isCustomApiConnection":false,"actions":["Run"],"nestedActions":[{"id":"/providers/Microsoft.PowerApps/apis/shared_office365/apiOperations/SendEmailV2","apiName":"Office 365 Outlook","actionName":"SendEmailV2","referencedResources":[]}]},"0475c003-bac3-4712-900c-f8d4d8384c43":{"id":"64fa9f85-3463-4b5a-a057-417c68589ab1","displayName":"Logic flows","iconUri":"https://connectoricons-prod.azureedge.net/releases/v1.0.1615/1.0.1615.3163/logicflows/icon.png","dataSources":["POCApprovedData2Cloud"],"dependencies":["fa8f89cf-38d0-43b9-88c2-09856aa580bf"],"dependents":[],"parameterHints":{"workflowName":{"value":"84cca1a7-2289-40c9-8636-dfa6c03f7204"},"workflowEntityId":{},"fa8f89cf-38d0-43b9-88c2-09856aa580bf":{"value":"shared_sharepointonline"}},"parameterHintsV2":{"workflowName":{"value":"84cca1a7-2289-40c9-8636-dfa6c03f7204"},"workflowEntityId":{},"shared_sharepointonline":{"value":"fa8f89cf-38d0-43b9-88c2-09856aa580bf"}},"isOnPremiseConnection":false,"bypassConsent":false,"dataSets":{},"apiTier":"Standard","isCustomApiConnection":false,"actions":["Run"],"nestedActions":[{"id":"/providers/Microsoft.PowerApps/apis/shared_sharepointonline/apiOperations/GetItems","apiName":"SharePoint","actionName":"GetItems","referencedResources":[{"key":"site","value":"https://varockautomtion.sharepoint.com/sites/pwa"},{"key":"list","value":"4e389c19-2979-4ec8-aec3-266b81e1493c"}]},{"id":"/providers/Microsoft.PowerApps/apis/shared_sharepointonline/apiOperations/PostItem","apiName":"SharePoint","actionName":"PostItem","referencedResources":[{"key":"site","value":"https://varockautomtion.sharepoint.com/sites/pwa"},{"key":"list","value":"783d45f5-f8c9-4b1f-bc86-4838483fb3cd"}]}]}},"authorizationReferences":[{"resourceId":"powerbi"}],"databaseReferences":{},"almMode":"Environment","performanceOptimizationEnabled":true,"canConsumeAppPass":true,"enableModernRuntimeMode":false,"executionRestrictions":{"isTeamsOnly":false,"dataLossPreventionEvaluationResult":{"status":"Compliant","lastEvaluationDate":"2023-05-14T17:30:14.977667Z","violations":[],"violationsByPolicy":[],"violationErrorMessage":"The app uses the following connectors: shared_sharepointonline, shared_office365users, shared_office365, shared_logicflows, shared_excelonlinebusiness."},"httpActionRestriction":{"appUsesSharepointHttpAction":false,"enforcementStrategy":"Legacy","evaluationTime":"2023-05-14T17:30:14.97707Z"}}},"appType":"ClassicCanvasApp","appComponents":[]}}