{"name":"786cb23a-8f39-45f3-8e57-610a41b8c44f","id":"/providers/Microsoft.Flow/flows/786cb23a-8f39-45f3-8e57-610a41b8c44f","type":"Microsoft.Flow/flows","properties":{"apiId":"/providers/Microsoft.PowerApps/apis/shared_logicflows","displayName":"ErrorHandlingFlow","definition":{"metadata":{"workflowEntityId":null,"processAdvisorMetadata":null,"flowChargedByPaygo":null,"flowclientsuspensionreason":"None","flowclientsuspensiontime":null,"flowclientsuspensionreasondetails":null,"creator":{"id":"cf64f370-4274-4e55-8282-86435513a617","type":"User","tenantId":"65620e22-5bfb-424b-a8ca-2995e636f407"},"provisioningMethod":"FromDefinition","failureAlertSubscription":true,"clientLastModifiedTime":"2024-05-22T22:41:59.7982142Z","connectionKeySavedTimeKey":"2024-05-22T22:41:59.7982142Z"},"$schema":"https://schema.management.azure.com/providers/Microsoft.Logic/schemas/2016-06-01/workflowdefinition.json#","contentVersion":"undefined","parameters":{"$connections":{"defaultValue":{},"type":"Object"},"$authentication":{"defaultValue":{},"type":"SecureObject"}},"triggers":{"manual":{"metadata":{"operationMetadataId":"90bd7450-d25a-4eee-9478-0091f5a281c0"},"type":"Request","kind":"Button","inputs":{"schema":{"type":"object","properties":{},"required":[]}}}},"actions":{"ComposeStudents":{"runAfter":{},"metadata":{"operationMetadataId":"1f2c132d-6ed7-48e6-a446-9a3b76447e78"},"type":"Compose","inputs":[{"student_id":1,"first_name":"Othelia","last_name":"Ateridge","age":"25","email":"oateridge0@time.com","gender":"Female","major":"Computer Science","gpa":2.58,"enrollment_date":"8/24/2020","is_active":false},{"student_id":2,"first_name":"Ursuline","last_name":"Shea","age":"23","email":"ushea1@hud.gov","gender":"Non-binary","major":"Biology","gpa":0.7,"enrollment_date":"123/14/2020","is_active":false},{"student_id":3,"first_name":"Viviyan","last_name":"Beamond","age":"21","email":"vbeamond2@blog.com","gender":"Female","major":"Computer Science","gpa":3.33,"enrollment_date":"6/17/2020","is_active":false},{"student_id":4,"first_name":"Gabriel","last_name":"Powrie","age":"22","email":"gpowrie3@about.com","gender":"Male","major":"Computer Science","gpa":3.73,"enrollment_date":"5/29/2020","is_active":true},{"student_id":5,"first_name":"Melisande","last_name":"Fryers","age":"23","email":"mfryers4@spotify.com","gender":"FemaleX","major":"Biology","gpa":0.75,"enrollment_date":"7/27/20211","is_active":true},{"student_id":6,"first_name":"Marcellus","last_name":"Bayldon","age":"18c","email":"mbayldon5@berkeley.edu","gender":"Male","major":"Computer Science","gpa":0.75,"enrollment_date":"11/1/2020","is_active":false},{"student_id":7,"first_name":"Claudina","last_name":"Blindt","age":"22","email":"cblindt6@ed.gov","gender":"Female","major":"Computer Science","gpa":0.81,"enrollment_date":"10/9/2020","is_active":false},{"student_id":8,"first_name":"Sidnee","last_name":"Scarce","age":"23","email":"sscarce7@shop-pro.jp","gender":"Male","major":"Biology","gpa":3.07,"enrollment_date":"2/28/2020","is_active":true},{"student_id":9,"first_name":"Christian","last_name":"Nunnery","age":"20","email":"cnunnery8@github.io","gender":"Non-binary","major":"History","gpa":1.19,"enrollment_date":"3/11/2021","is_active":false},{"student_id":10,"first_name":"Keane","last_name":"Abraham","age":"24","email":"kabraham9@xinhuanet.com","gender":"Male","major":"Biology","gpa":0.89,"enrollment_date":"9/3/2020","is_active":true}]},"Parse_JSON":{"runAfter":{"ComposeStudents":["Succeeded"]},"metadata":{"operationMetadataId":"356c5819-3634-444d-a739-4137490aa481"},"type":"ParseJson","inputs":{"content":"@outputs('ComposeStudents')","schema":{"type":"array","items":{"type":"object","properties":{"student_id":{"type":"integer"},"first_name":{"type":"string"},"last_name":{"type":"string"},"age":{"type":"string"},"email":{"type":"string"},"gender":{"type":"string"},"major":{"type":"string"},"gpa":{"type":"number"},"enrollment_date":{"type":"string"},"is_active":{"type":"boolean"}},"required":["student_id","first_name","last_name","age","email","gender","major","gpa","enrollment_date","is_active"]}}}},"CompFlowURL":{"runAfter":{"ComposeStudents":["Succeeded"]},"metadata":{"operationMetadataId":"ac615a2a-e8d9-4c44-9b68-3cb5de2120fd"},"type":"Compose","inputs":"@concat('https://make.powerautomate.com/environments/',workflow()?['tags']?['environmentName'],'/flows/',workflow()?['name'],'/runs/',workflow()?['run']?['name'])"},"Apply_to_each":{"foreach":"@body('Parse_JSON')","actions":{"ScopeTryCatchFinally":{"actions":{"ScopeTry":{"actions":{"CreateStudentRecord":{"runAfter":{},"metadata":{"operationMetadataId":"aa995870-e8ac-4b9c-aada-e9ac7e71105e"},"type":"OpenApiConnection","inputs":{"host":{"apiId":"/providers/Microsoft.PowerApps/apis/shared_commondataserviceforapps","connectionName":"shared_commondataserviceforapps","operationId":"CreateRecord"},"parameters":{"entityName":"cr4c5_studentdetails","item/cr4c5_age":"@items('Apply_to_each')?['age']","item/cr4c5_email":"@items('Apply_to_each')?['email']","item/cr4c5_enrollmentdate":"@formatDateTime(items('Apply_to_each')?['enrollment_date'],'yyyy/MM/dd')","item/cr4c5_firstname":"@items('Apply_to_each')?['first_name']","item/cr4c5_gender":"@if(equals(items('Apply_to_each')?['gender'],'Male'),1,0)","item/cr4c5_gpa":"@items('Apply_to_each')?['gpa']","item/cr4c5_isactive":"@items('Apply_to_each')?['is_active']","item/cr4c5_lastname":"@{items('Apply_to_each')?['last_name']}","item/cr4c5_major":"@items('Apply_to_each')?['major']","item/cr4c5_studentid":"@{items('Apply_to_each')?['student_id']}"},"authentication":"@parameters('$authentication')"}}},"runAfter":{},"metadata":{"operationMetadataId":"0f9e4be3-8d11-4025-b944-6ab32676f147"},"type":"Scope"},"ScopeCatch":{"actions":{"CompCreateStudentStatus":{"runAfter":{},"metadata":{"operationMetadataId":"c14b7e92-5dea-4f52-a6ff-bb48b4c777ab"},"type":"Compose","inputs":"@actions('CreateStudentRecord')?['status']"},"Append_to_array_variable":{"runAfter":{"ComposeErrorRecordLogger":["Succeeded"]},"metadata":{"operationMetadataId":"fc1f5f2e-028a-4a64-85d6-bcb697eab41e"},"type":"AppendToArrayVariable","inputs":{"name":"BadStudentRecords","value":"@outputs('ComposeErrorRecordLogger')"}},"ComposeErrorRecordLogger":{"runAfter":{"CompCreateStudentStatus":["Succeeded"]},"metadata":{"operationMetadataId":"cf89c71f-29e0-403b-afa4-3859bc92226f"},"type":"Compose","inputs":"@addProperty(items('Apply_to_each'),'Errorlog',actions('CreateStudentRecord')?['error']?['message'])"}},"runAfter":{"ScopeTry":["Failed","TimedOut"]},"metadata":{"operationMetadataId":"9fb13c73-a36e-4cc2-9e6e-a81c150b4157"},"type":"Scope"},"ScopeFinally":{"actions":{"CompCreateStudentStatus_copy":{"runAfter":{},"metadata":{"operationMetadataId":"36f776f4-c60e-4d69-a130-f0c09bcea6d7"},"type":"Compose","inputs":"@body('CreateStudentRecord')"}},"runAfter":{"ScopeCatch":["Succeeded","TimedOut","Skipped","Failed"]},"metadata":{"operationMetadataId":"085d09d6-575e-4313-9dc7-ec913df285af"},"type":"Scope"}},"runAfter":{},"metadata":{"operationMetadataId":"b97540f3-1a6b-4fc9-809c-ca03592ea7e1"},"type":"Scope"}},"runAfter":{"Parse_JSON":["Succeeded"],"CompFlowURL":["Succeeded"],"BadStudentRecords":["Succeeded"],"CompFlowName":["Succeeded"],"CompDateTime":["Succeeded"]},"metadata":{"operationMetadataId":"1095eab8-e8a7-4b33-9658-5de1af4a6398"},"type":"Foreach"},"CompFlowName":{"runAfter":{"ComposeStudents":["Succeeded"]},"metadata":{"operationMetadataId":"d7e31744-3038-4002-bb31-4f733a5074ec"},"type":"Compose","inputs":"@workflow()?['name']"},"CompDateTime":{"runAfter":{"ComposeStudents":["Succeeded"]},"metadata":{"operationMetadataId":"fa2250d4-1c10-43d8-b50b-e50a5920e287"},"type":"Compose","inputs":"@formatDateTime(utcnow(), 'yyyy-MM-dd')"},"BadStudentRecords":{"runAfter":{"ComposeStudents":["Succeeded"]},"metadata":{"operationMetadataId":"b576cef5-7204-478d-8fed-92a88a9a08cd"},"type":"InitializeVariable","inputs":{"variables":[{"name":"BadStudentRecords","type":"array"}]}},"ComposeOutputBadRecords":{"runAfter":{"Apply_to_each":["Succeeded"]},"metadata":{"operationMetadataId":"cb6b911b-fa7d-4293-a6d8-86f8841c80d7"},"type":"Compose","inputs":"@variables('BadStudentRecords')"},"Join":{"runAfter":{"ComposeOutputBadRecords":["Succeeded"]},"metadata":{"operationMetadataId":"3658b047-f0c1-4c47-80b9-97a772cb054c"},"type":"Join","inputs":{"from":"@variables('BadStudentRecords')","joinWith":";"}}}},"connectionReferences":{"shared_commondataserviceforapps":{"connectionName":"shared-commondataser-03780f8c-202f-4ac4-abbb-277efac521e9","source":"Embedded","id":"/providers/Microsoft.PowerApps/apis/shared_commondataserviceforapps","tier":"NotSpecified"}},"flowFailureAlertSubscribed":false,"isManaged":false}}