{"name":"d1939ed0-2447-4105-820d-c2ddf472eb7f","id":"/providers/Microsoft.Flow/flows/d1939ed0-2447-4105-820d-c2ddf472eb7f","type":"Microsoft.Flow/flows","properties":{"apiId":"/providers/Microsoft.PowerApps/apis/shared_logicflows","displayName":"POCApprovedData2Cloud","definition":{"metadata":{"workflowEntityId":null,"processAdvisorMetadata":null,"flowclientsuspensionreason":"None","flowclientsuspensiontime":null,"flowclientsuspensionreasondetails":null,"creator":{"id":"8e71313d-a177-491f-8124-0a4d6124e670","type":"User","tenantId":"40f48dcb-0118-4bb3-856e-1875db875deb"},"provisioningMethod":"FromDefinition","failureAlertSubscription":true,"clientLastModifiedTime":"2023-05-14T17:29:51.7056331Z","flowChargedByPaygo":null},"$schema":"https://schema.management.azure.com/providers/Microsoft.Logic/schemas/2016-06-01/workflowdefinition.json#","contentVersion":"1.0.0.0","parameters":{"$connections":{"defaultValue":{},"type":"Object"},"$authentication":{"defaultValue":{},"type":"SecureObject"}},"triggers":{"manual":{"metadata":{"operationMetadataId":"0e6ed109-00db-419c-808d-dcf889a8fa18"},"type":"Request","kind":"PowerApp","inputs":{"schema":{"type":"object","properties":{"SourceWorkflowID_Value":{"type":"integer","description":"Enter initial value","x-ms-powerflows-param-ispartial":false}},"required":["SourceWorkflowID_Value"]}}}},"actions":{"SourceWorkflowID":{"runAfter":{},"metadata":{"operationMetadataId":"114a5d3b-a4ac-4240-9581-a6991168782e"},"type":"InitializeVariable","inputs":{"variables":[{"name":"WKF_ID","type":"integer","value":"@triggerBody()['SourceWorkflowID_Value']"}]}},"Get_items":{"runAfter":{"SourceWorkflowID":["Succeeded"]},"metadata":{"operationMetadataId":"bc34dd5f-7933-4f85-ab39-20333308a667"},"type":"OpenApiConnection","inputs":{"host":{"apiId":"/providers/Microsoft.PowerApps/apis/shared_sharepointonline","connectionName":"shared_sharepointonline","operationId":"GetItems"},"parameters":{"dataset":"https://varockautomtion.sharepoint.com/sites/pwa","table":"4e389c19-2979-4ec8-aec3-266b81e1493c","$filter":"WKF_ID eq @{variables('WKF_ID')}"},"authentication":{"value":"@json(decodeBase64(triggerOutputs().headers['X-MS-APIM-Tokens']))['$ConnectionKey']","type":"Raw"}}},"Apply_to_each":{"foreach":"@outputs('Get_items')?['body/value']","actions":{"Create_item":{"runAfter":{},"metadata":{"operationMetadataId":"183aa812-38d4-4ed8-a7c9-5a9372265588"},"type":"OpenApiConnection","inputs":{"host":{"apiId":"/providers/Microsoft.PowerApps/apis/shared_sharepointonline","connectionName":"shared_sharepointonline","operationId":"PostItem"},"parameters":{"dataset":"https://varockautomtion.sharepoint.com/sites/pwa","table":"783d45f5-f8c9-4b1f-bc86-4838483fb3cd","item/Title":"@items('Apply_to_each')?['Title']","item/EventName":"@items('Apply_to_each')?['EventName']","item/EventCount":"@items('Apply_to_each')?['EventCount']","item/EventType":"@items('Apply_to_each')?['EventType']","item/Revenue":"@items('Apply_to_each')?['Revenue']","item/IncurredCost":"@items('Apply_to_each')?['IncurredCost']","item/Community":"@items('Apply_to_each')?['Community']","item/LGA":"@items('Apply_to_each')?['LGA']","item/EventStartDate":"@items('Apply_to_each')?['EventStartDate']","item/EventEndDate":"@items('Apply_to_each')?['EventEndDate']","item/DateReported":"@items('Apply_to_each')?['DateReported']","item/KPI":"@items('Apply_to_each')?['KPI']","item/WKF_ID":"@items('Apply_to_each')?['WKF_ID']"},"authentication":{"value":"@json(decodeBase64(triggerOutputs().headers['X-MS-APIM-Tokens']))['$ConnectionKey']","type":"Raw"}}}},"runAfter":{"Get_items":["Succeeded"]},"metadata":{"operationMetadataId":"4ce8e287-0270-4a9e-b4a8-fbbad9ad2dff"},"type":"Foreach"},"Respond_to_a_PowerApp_or_flow":{"runAfter":{"Apply_to_each":["Succeeded"]},"metadata":{"operationMetadataId":"a9e00491-d63e-41bc-89f8-0fcc17c80863"},"type":"Response","kind":"PowerApp","inputs":{"statusCode":200,"body":{"response":"done"},"schema":{"type":"object","properties":{"response":{"title":"response","x-ms-dynamically-added":true,"type":"string"}}}}}}},"connectionReferences":{"shared_sharepointonline":{"connectionName":"shared-sharepointonl-fabfeddc-2a19-41db-97c4-7c212ac0006b","source":"Invoker","id":"/providers/Microsoft.PowerApps/apis/shared_sharepointonline","tier":"NotSpecified"}},"flowFailureAlertSubscribed":false,"isManaged":false}}