{"name":"0cc9ccc0-c6a8-45d3-824b-e70553b1d5e0","id":"/providers/Microsoft.Flow/flows/0cc9ccc0-c6a8-45d3-824b-e70553b1d5e0","type":"Microsoft.Flow/flows","properties":{"apiId":"/providers/Microsoft.PowerApps/apis/shared_logicflows","displayName":"EmailSender","definition":{"metadata":{"workflowEntityId":null,"processAdvisorMetadata":null,"flowclientsuspensionreason":"None","flowclientsuspensiontime":null,"flowclientsuspensionreasondetails":null,"creator":{"id":"8e71313d-a177-491f-8124-0a4d6124e670","type":"User","tenantId":"40f48dcb-0118-4bb3-856e-1875db875deb"},"provisioningMethod":"FromDefinition","failureAlertSubscription":true,"clientLastModifiedTime":"2023-05-14T17:30:00.6430585Z","flowChargedByPaygo":null},"$schema":"https://schema.management.azure.com/providers/Microsoft.Logic/schemas/2016-06-01/workflowdefinition.json#","contentVersion":"1.0.0.0","parameters":{"$connections":{"defaultValue":{},"type":"Object"},"$authentication":{"defaultValue":{},"type":"SecureObject"}},"triggers":{"manual":{"metadata":{"operationMetadataId":"d956b612-270d-43fb-b442-4466d4f383a2"},"type":"Request","kind":"PowerApp","inputs":{"schema":{"type":"object","properties":{"Sendanemail(V2)_To":{"type":"string","format":"email","description":"Specify email addresses separated by semicolons like someone@contoso.com","x-ms-powerflows-param-ispartial":false},"Sendanemail(V2)_Subject":{"type":"string","description":"Specify the subject of the mail","x-ms-powerflows-param-ispartial":false},"Sendanemail(V2)_Body":{"type":"string","format":"html","description":"Specify the body of the mail. This parameter is used as part of \"0E6DCDDE-5E3A-4D95-8990-2DC8F953C6DD\"","x-ms-powerflows-param-ispartial":true},"Initializevariable_Value":{"type":"string","description":"Enter initial value","x-ms-powerflows-param-ispartial":false}},"required":["Sendanemail(V2)_To","Sendanemail(V2)_Subject","Sendanemail(V2)_Body","Initializevariable_Value"]}}}},"actions":{"Send_an_email_(V2)":{"runAfter":{"Initialize_variable":["Succeeded"]},"metadata":{"operationMetadataId":"c34d5ca6-fde2-4680-bef5-70623f3e3671"},"type":"OpenApiConnection","inputs":{"host":{"apiId":"/providers/Microsoft.PowerApps/apis/shared_office365","connectionName":"shared_office365","operationId":"SendEmailV2"},"parameters":{"emailMessage/To":"@triggerBody()['Sendanemail(V2)_To']","emailMessage/Subject":"@triggerBody()['Sendanemail(V2)_Subject']","emailMessage/Body":"<p>@{triggerBody()['Sendanemail(V2)_Body']}</p>","emailMessage/From":"@variables('FromEmail')","emailMessage/Importance":"High"},"authentication":{"value":"@json(decodeBase64(triggerOutputs().headers['X-MS-APIM-Tokens']))['$ConnectionKey']","type":"Raw"}}},"Initialize_variable":{"runAfter":{},"metadata":{"operationMetadataId":"92721fbc-ad77-4ece-af2d-471c35e4f07e"},"type":"InitializeVariable","inputs":{"variables":[{"name":"FromEmail","type":"string","value":"@{triggerBody()['Initializevariable_Value']}"}]}},"Respond_to_a_PowerApp_or_flow":{"runAfter":{"Send_an_email_(V2)":["Succeeded"]},"metadata":{"operationMetadataId":"a8862b6e-50ee-4336-98c7-9ef669498ce7"},"type":"Response","kind":"PowerApp","inputs":{"statusCode":200,"body":{"response":"true"},"schema":{"type":"object","properties":{"response":{"title":"response","x-ms-dynamically-added":true,"type":"string"}}}}}}},"connectionReferences":{"shared_office365":{"connectionName":"0ce67360648649eeaa28ac535b93ee43","source":"Invoker","id":"/providers/Microsoft.PowerApps/apis/shared_office365","tier":"NotSpecified"}},"flowFailureAlertSubscribed":false,"isManaged":false}}