{"name":"a47aaca3-9314-4dfb-8885-fa2cdb8383d3","id":"/providers/Microsoft.Flow/flows/a47aaca3-9314-4dfb-8885-fa2cdb8383d3","type":"Microsoft.Flow/flows","properties":{"apiId":"/providers/Microsoft.PowerApps/apis/shared_logicflows","displayName":"PAppsExcelBulkImport","definition":{"metadata":{"workflowEntityId":null,"processAdvisorMetadata":null,"flowChargedByPaygo":null,"flowclientsuspensionreason":"None","flowclientsuspensiontime":null,"flowclientsuspensionreasondetails":null,"creator":{"id":"8e71313d-a177-491f-8124-0a4d6124e670","type":"User","tenantId":"40f48dcb-0118-4bb3-856e-1875db875deb"},"provisioningMethod":"FromDefinition","failureAlertSubscription":true,"clientLastModifiedTime":"2024-05-14T22:57:26.9640106Z"},"$schema":"https://schema.management.azure.com/providers/Microsoft.Logic/schemas/2016-06-01/workflowdefinition.json#","contentVersion":"1.0.0.0","parameters":{"$connections":{"defaultValue":{},"type":"Object"},"$authentication":{"defaultValue":{},"type":"SecureObject"}},"triggers":{"manual":{"metadata":{"operationMetadataId":"a3081fdd-fe43-4ea4-b0ff-4afd2a0b1982"},"type":"Request","kind":"PowerApp","inputs":{"schema":{"type":"object","properties":{"Createfile_FileName":{"type":"string","description":"Name of the file.","x-ms-powerflows-param-ispartial":false},"Createfile_FileContent":{"type":"string","format":"binary","description":"Content of the file.","x-ms-powerflows-param-ispartial":false},"InitializeVarWKFID_Value":{"type":"integer","description":"Enter initial value","x-ms-powerflows-param-ispartial":false}},"required":["Createfile_FileName","Createfile_FileContent","InitializeVarWKFID_Value"]}}}},"actions":{"Create_file":{"runAfter":{"InitializeVarWKF_ID":["Succeeded"]},"metadata":{"operationMetadataId":"292eddf3-f71e-4c48-82d3-093153edf6ec"},"type":"OpenApiConnection","inputs":{"host":{"apiId":"/providers/Microsoft.PowerApps/apis/shared_sharepointonline","connectionName":"shared_sharepointonline","operationId":"CreateFile"},"parameters":{"dataset":"https://varockautomtion.sharepoint.com/sites/pwa","folderPath":"/POC DataHouse","name":"@triggerBody()['Createfile_FileName']","body":"@base64ToBinary(triggerBody()['Createfile_FileContent'])"},"authentication":{"value":"@json(decodeBase64(triggerOutputs().headers['X-MS-APIM-Tokens']))['$ConnectionKey']","type":"Raw"}},"runtimeConfiguration":{"contentTransfer":{"transferMode":"Chunked"}}},"Get_tables":{"runAfter":{"Create_file":["Succeeded"]},"metadata":{"operationMetadataId":"48493059-34be-41c1-8681-013a5efe8e6d","tableId":null},"type":"OpenApiConnection","inputs":{"host":{"apiId":"/providers/Microsoft.PowerApps/apis/shared_excelonlinebusiness","connectionName":"shared_excelonlinebusiness","operationId":"GetTables"},"parameters":{"source":"sites/varockautomtion.sharepoint.com,7f46ee3c-07c3-4186-9458-1a5b2c32c070,db2abd11-771e-481f-a8f3-5a36335a1c91","drive":"b!PO5Gf8MHhkGUWBpbLDLAcBG9Ktsedx9IqPNaNjNaHJFuBStYy_YyRKklk8BzL-aU","file":"@outputs('Create_file')?['body/Id']"},"authentication":{"value":"@json(decodeBase64(triggerOutputs().headers['X-MS-APIM-Tokens']))['$ConnectionKey']","type":"Raw"}}},"List_rows_present_in_a_table":{"runAfter":{"Get_tables":["Succeeded"]},"metadata":{"operationMetadataId":"c250ad8a-aeb9-40c6-badd-76594fb6465d","tableId":"@first(outputs('Get_tables')?['body/value'])?['Name']"},"type":"OpenApiConnection","inputs":{"host":{"apiId":"/providers/Microsoft.PowerApps/apis/shared_excelonlinebusiness","connectionName":"shared_excelonlinebusiness","operationId":"GetItems"},"parameters":{"source":"sites/varockautomtion.sharepoint.com,7f46ee3c-07c3-4186-9458-1a5b2c32c070,db2abd11-771e-481f-a8f3-5a36335a1c91","drive":"b!PO5Gf8MHhkGUWBpbLDLAcBG9Ktsedx9IqPNaNjNaHJFuBStYy_YyRKklk8BzL-aU","file":"@outputs('Create_file')?['body/Id']","table":"@first(outputs('Get_tables')?['body/value'])?['Name']","dateTimeFormat":"ISO 8601"},"authentication":{"value":"@json(decodeBase64(triggerOutputs().headers['X-MS-APIM-Tokens']))['$ConnectionKey']","type":"Raw"}},"runtimeConfiguration":{"paginationPolicy":{"minimumItemCount":65000}}},"Select":{"runAfter":{"List_rows_present_in_a_table":["Succeeded"]},"metadata":{"operationMetadataId":"5825c8ae-c39d-4b34-80f2-0876527d9944"},"type":"Select","inputs":{"from":"@outputs('List_rows_present_in_a_table')?['body/value']","select":{"Title":"@item()?['MDA_Responsible']","EventName":"@item()?['Name_of_Sporting_Event']","EventCount":"@item()?['Number_of_Sporting_Event']","EventType":"@item()?['Type_of_Sport_per_Event']","Revenue":"@item()?['Revenue_Generated_NGN_']","IncurredCost":"@item()?['Cost_Incurred_NGN_']","Community":"@item()?['Community']","LGA":"@item()?['Location__LGA_']","EventStartDate":"@item()?['Start_Date_of_Event__dd/mm/yyyy_']","EventEndDate":"@item()?['End_Date_of_Event__dd/mm/yyyy_']","DateReported":"@item()?['Date_Reported']","KPI":"@item()?['KPI']","WKF_ID":"@variables('varWKF_ID')","Data_x0020_Status":""}}},"InitializeVarWKF_ID":{"runAfter":{},"metadata":{"operationMetadataId":"1551a0f9-7395-4dd2-a1ed-aa89b6dfc11d"},"type":"InitializeVariable","inputs":{"variables":[{"name":"varWKF_ID","type":"integer","value":"@triggerBody()['InitializeVarWKFID_Value']"}]}},"Respond_to_a_PowerApp_or_flow":{"runAfter":{"Join":["Succeeded"]},"metadata":{"operationMetadataId":"97913201-94ec-4f81-8619-9192f3fdbe7d"},"type":"Response","kind":"PowerApp","inputs":{"statusCode":200,"body":{"responsedata":"[@{body('Join')}]"},"schema":{"type":"object","properties":{"responsedata":{"title":"responseData","x-ms-dynamically-added":true,"type":"string"}}}}},"Join":{"runAfter":{"Select":["Succeeded"]},"metadata":{"operationMetadataId":"04fd1b6e-06ce-4c3c-9609-be636cda4f8f"},"type":"Join","inputs":{"from":"@body('Select')","joinWith":","}}}},"connectionReferences":{"shared_sharepointonline":{"connectionName":"shared-sharepointonl-fabfeddc-2a19-41db-97c4-7c212ac0006b","source":"Invoker","id":"/providers/Microsoft.PowerApps/apis/shared_sharepointonline","tier":"NotSpecified"},"shared_excelonlinebusiness":{"connectionName":"shared-excelonlinebu-7561849d-5e0d-4fea-850a-979ac8007806","source":"Invoker","id":"/providers/Microsoft.PowerApps/apis/shared_excelonlinebusiness","tier":"NotSpecified"}},"flowFailureAlertSubscribed":false,"isManaged":false}}